SNR,signal_power,frequency,spectral_entropy,label
-55.0919143,-55.0919143,1800,1.066,0
-63.19518168,-63.19518168,5000,1.042,1
-74.52361919,-74.52361919,5000,1.037,0
-49.31024901,-49.31024901,1800,1.032,0
-55.76344137,-55.76344137,2400,1.044,0
-81.86915303,-81.86915303,2400,1.047,1
-44.45364078,-44.45364078,5000,1.053,0
-48.87313785,-48.87313785,2400,0.95,0
-42.51000434,-42.51000434,1800,0.991,0
-53.71402458,-53.71402458,2400,0.977,1
-59.3292402,-59.3292402,5000,0.933,0
-69.08784819,-69.08784819,1800,1.048,0
-43.36357583,-43.36357583,2400,1.052,0
-46.69680552,-46.69680552,3500,1.077,0
-87.73906649,-87.73906649,1800,1.097,1
-88.68165128,-88.68165128,1800,1.092,0
-71.17683166,-71.17683166,3500,1.061,1
-49.47233346,-49.47233346,3500,1.065,1
-40.63619353,-40.63619353,1800,1.035,1
-82.47915544,-82.47915544,3500,1.045,0
-60.29346423,-60.29346423,5000,1.026,1
-70.95545717,-70.95545717,5000,1.075,0
-41.50428011,-41.50428011,5000,1.091,1
-47.89405384,-47.89405384,1800,0.956,1
-48.08356476,-48.08356476,3500,0.996,1
-66.56534201,-66.56534201,3500,1.038,1
-69.25902488,-69.25902488,2400,1.065,1
-76.3296464,-76.3296464,2400,1.0,1
-87.18122517,-87.18122517,3500,1.055,1
-46.76388119,-46.76388119,3500,1.082,1
-49.35494954,-49.35494954,3500,1.023,0
-40.01411634,-40.01411634,1800,1.079,0
-40.16815815,-40.16815815,3500,0.997,1
-62.22841472,-62.22841472,2400,0.968,1
-51.55062924,-51.55062924,1800,1.04,1
-42.76171351,-42.76171351,3500,1.01,0
-47.51763047,-47.51763047,2400,0.97,1
-77.63259491,-77.63259491,1800,0.997,0
-67.47279323,-67.47279323,3500,0.985,0
-83.54202924,-83.54202924,3500,1.073,0
-42.29744864,-42.29744864,3500,1.014,0
-59.69126828,-59.69126828,1800,1.038,0
-78.56785972,-78.56785972,2400,1.042,1
-56.41496578,-56.41496578,2400,1.031,1
-59.09358798,-59.09358798,5000,1.074,1
-72.0918641,-72.0918641,3500,1.084,1
-84.32212039,-84.32212039,5000,1.044,1
-56.42134022,-56.42134022,5000,1.078,0
-63.98461495,-63.98461495,2400,1.071,1
-51.38408041,-51.38408041,1800,1.078,1
-63.99182494,-63.99182494,1800,1.014,0
-47.39092498,-47.39092498,2400,1.091,1
-62.40465806,-62.40465806,1800,0.996,0
-61.95310142,-61.95310142,5000,1.041,1
-46.16731987,-46.16731987,3500,1.095,0
-69.82585669,-69.82585669,2400,0.933,1
-83.29923858,-83.29923858,3500,1.083,1
-88.56086618,-88.56086618,1800,1.006,0
-52.24313722,-52.24313722,3500,0.976,0
-58.98452243,-58.98452243,1800,1.078,0
-54.7960116,-54.7960116,1800,1.061,0
-79.35179192,-79.35179192,5000,1.03,0
-83.18142622,-83.18142622,1800,1.094,0
-89.27276672,-89.27276672,5000,1.07,0
-72.47062206,-72.47062206,5000,0.966,0
-60.50411566,-60.50411566,5000,0.979,1
-70.38779775,-70.38779775,2400,1.068,1
-68.1262539,-68.1262539,2400,1.025,0
-44.79206528,-44.79206528,1800,1.024,1
-72.58722665,-72.58722665,5000,1.062,1
-64.30052554,-64.30052554,2400,1.067,1
-50.81734936,-50.81734936,5000,1.095,1
-70.17286088,-70.17286088,3500,1.058,0
-58.89566499,-58.89566499,3500,1.047,1
-46.88181456,-46.88181456,3500,1.09,0
-42.52396882,-42.52396882,1800,1.088,1
-82.64632595,-82.64632595,5000,1.019,1
-43.67061874,-43.67061874,3500,1.054,1
-65.39418535,-65.39418535,2400,0.998,0
-77.08778059,-77.08778059,3500,1.026,1
-67.04321219,-67.04321219,3500,0.964,0
-40.99837124,-40.99837124,3500,0.93,1
-65.3690953,-65.3690953,1800,1.059,0
-73.56241949,-73.56241949,2400,1.089,1
-58.32995728,-58.32995728,5000,1.053,0
-77.99271906,-77.99271906,2400,0.997,0
-86.20683359,-86.20683359,5000,1.047,1
-83.5560139,-83.5560139,1800,0.969,0
-83.59770805,-83.59770805,1800,1.09,1
-82.40486532,-82.40486532,1800,1.043,1
-83.05864137,-83.05864137,1800,1.084,1
-57.95626276,-57.95626276,5000,1.047,1
-80.90599578,-80.90599578,3500,1.076,1
-72.71663583,-72.71663583,5000,1.082,1
-45.1605795,-45.1605795,2400,1.09,1
-66.30191799,-66.30191799,1800,1.085,1
-56.62211307,-56.62211307,1800,0.928,1
-81.38400644,-81.38400644,2400,0.962,1
-80.38554906,-80.38554906,5000,0.922,1
-87.95656919,-87.95656919,3500,1.018,0
-81.55324685,-81.55324685,3500,0.981,0
-76.07048305,-76.07048305,2400,1.084,1
-81.14947579,-81.14947579,3500,1.007,1
-85.56487331,-85.56487331,5000,1.041,1
-83.96820644,-83.96820644,5000,1.032,1
-66.9610616,-66.9610616,2400,1.076,1
-79.68331408,-79.68331408,5000,1.094,1
-71.78650695,-71.78650695,1800,0.807,1
-64.82913646,-64.82913646,2400,1.046,1
-55.48025857,-55.48025857,5000,1.08,0
-88.03439301,-88.03439301,2400,1.035,1
-50.02948005,-50.02948005,3500,1.067,0
-58.60498053,-58.60498053,5000,0.962,1
-85.9120484,-85.9120484,1800,0.886,1
-46.32106879,-46.32106879,5000,1.05,0
-43.95637997,-43.95637997,2400,0.993,1
-86.94610201,-86.94610201,2400,1.074,0
-76.15611759,-76.15611759,5000,0.981,1
-49.68993601,-49.68993601,1800,1.081,1
-52.58701548,-52.58701548,1800,1.03,0
-80.77394903,-80.77394903,1800,1.032,1
-79.53253383,-79.53253383,2400,1.077,0
-71.47639486,-71.47639486,5000,0.96,1
-65.77385074,-65.77385074,3500,1.062,0
-59.08726142,-59.08726142,2400,1.093,0
-71.55431802,-71.55431802,1800,1.098,1
-66.87326419,-66.87326419,5000,1.098,1
-52.62645309,-52.62645309,1800,0.901,0
-88.16583986,-88.16583986,3500,1.041,1
-77.37815278,-77.37815278,1800,0.933,1
-54.33252071,-54.33252071,1800,0.999,1
-45.23965812,-45.23965812,3500,0.908,0
-64.41612789,-64.41612789,5000,1.084,0
-63.39432574,-63.39432574,2400,1.097,0
-84.64139943,-84.64139943,5000,1.045,0
-67.62938166,-67.62938166,3500,0.942,0
-63.36913668,-63.36913668,1800,0.989,0
-77.87647482,-77.87647482,5000,1.067,0
-76.53783845,-76.53783845,2400,1.049,0
-71.13579184,-71.13579184,3500,0.976,0
-88.99644011,-88.99644011,5000,1.054,1
-73.89604172,-73.89604172,2400,0.997,0
-79.42759965,-79.42759965,3500,1.007,1
-73.62513239,-73.62513239,2400,1.06,1
-84.01189341,-84.01189341,3500,1.035,1
-45.47363596,-45.47363596,1800,1.071,0
-60.32037732,-60.32037732,5000,0.983,0
-56.04488404,-56.04488404,2400,1.079,0
-50.54143807,-50.54143807,3500,1.088,0
-65.07789005,-65.07789005,2400,1.08,1
-85.6539856,-85.6539856,2400,1.028,0
-63.14467291,-63.14467291,5000,1.049,0
-60.6579441,-60.6579441,1800,1.099,0
-52.72802629,-52.72802629,2400,1.061,0
-68.41702269,-68.41702269,3500,1.053,0
-83.62098486,-83.62098486,3500,0.959,1
-75.81120471,-75.81120471,1800,0.997,0
-71.84588518,-71.84588518,3500,0.96,1
-57.70413793,-57.70413793,1800,1.071,0
-61.46108477,-61.46108477,3500,1.065,1
-72.19516371,-72.19516371,5000,1.092,0
-40.67423756,-40.67423756,2400,0.927,0
-59.71125903,-59.71125903,5000,1.083,1
-78.13866041,-78.13866041,2400,1.068,1
-84.91087637,-84.91087637,2400,1.006,1
-82.35704304,-82.35704304,2400,1.051,0
-77.70211358,-77.70211358,5000,1.033,1
-81.96593134,-81.96593134,2400,1.098,0
-80.6716488,-80.6716488,5000,1.066,0
-75.74524157,-75.74524157,1800,1.058,1
-81.33132024,-81.33132024,3500,1.038,1
-45.16172877,-45.16172877,3500,0.915,0
-85.98831272,-85.98831272,2400,1.06,0
-63.77443052,-63.77443052,5000,1.015,1
-69.48015865,-69.48015865,3500,0.933,1
-40.88106915,-40.88106915,5000,1.007,1
-84.39805489,-84.39805489,5000,1.07,0
-70.10722005,-70.10722005,2400,1.093,0
-41.52647834,-41.52647834,3500,1.064,0
-46.72464371,-46.72464371,2400,1.074,0
-49.14639645,-49.14639645,2400,1.064,0
-77.10485865,-77.10485865,3500,1.043,0
-81.45562063,-81.45562063,3500,0.974,1
-56.567839,-56.567839,1800,1.097,0
-43.53120054,-43.53120054,1800,1.033,0
-62.16185535,-62.16185535,5000,1.081,0
-61.41936553,-61.41936553,3500,0.987,1
-76.00104532,-76.00104532,1800,1.074,0
-51.52535334,-51.52535334,5000,1.097,0
-80.64781257,-80.64781257,5000,1.097,1
-73.81603818,-73.81603818,5000,1.042,0
-68.72817807,-68.72817807,1800,1.098,0
-64.61948107,-64.61948107,3500,1.078,0
-77.87951338,-77.87951338,2400,1.073,0
-84.25815876,-84.25815876,5000,1.028,0
-59.46899788,-59.46899788,1800,1.068,1
-75.56847234,-75.56847234,1800,0.933,1
-60.93808893,-60.93808893,2400,1.043,1
-82.28186424,-82.28186424,2400,1.036,0
-65.94299491,-65.94299491,1800,1.086,0
-63.37052837,-63.37052837,3500,1.082,0
-87.40882316,-87.40882316,2400,1.037,1
-73.16978609,-73.16978609,1800,1.06,0
-83.27926615,-83.27926615,2400,0.945,0
-86.83125148,-86.83125148,3500,1.006,1
-40.50198838,-40.50198838,5000,1.077,0
-73.88230775,-73.88230775,2400,1.051,1
-49.50627771,-49.50627771,3500,1.088,1
-77.26796726,-77.26796726,1800,1.049,1
-55.92486389,-55.92486389,2400,0.963,0
-51.98860701,-51.98860701,2400,0.961,0
-60.21806297,-60.21806297,1800,1.093,0
-66.42119057,-66.42119057,5000,0.979,0
-69.40795429,-69.40795429,1800,1.028,0
-72.55658667,-72.55658667,2400,1.051,0
-43.52354279,-43.52354279,1800,0.985,0
-48.46902961,-48.46902961,3500,0.909,1
-41.74865447,-41.74865447,1800,0.993,0
-83.78513883,-83.78513883,2400,1.095,1
-53.45662624,-53.45662624,1800,0.993,0
-43.08297716,-43.08297716,5000,1.072,0
-80.93834669,-80.93834669,1800,1.046,0
-86.67518663,-86.67518663,5000,0.884,1
-52.94396754,-52.94396754,3500,0.922,1
-61.27634434,-61.27634434,5000,0.961,1
-47.90856116,-47.90856116,1800,1.079,1
-83.01138117,-83.01138117,2400,1.094,0
-50.23663441,-50.23663441,5000,1.083,1
-79.918634,-79.918634,3500,1.052,0
-81.81720286,-81.81720286,5000,1.093,0
-81.7867101,-81.7867101,5000,1.092,1
-49.27126399,-49.27126399,5000,0.997,1
-56.74013897,-56.74013897,3500,1.019,1
-63.84672876,-63.84672876,1800,0.958,1
-72.05847579,-72.05847579,5000,0.976,1
-46.13997296,-46.13997296,5000,1.065,1
-70.37774463,-70.37774463,2400,0.919,1
-49.17002803,-49.17002803,3500,1.012,1
-68.04325457,-68.04325457,5000,1.0,0
-71.15277853,-71.15277853,3500,1.072,1
-66.86601072,-66.86601072,5000,1.08,1
-74.93110629,-74.93110629,1800,1.022,0
-52.61953099,-52.61953099,1800,1.092,1
-64.8639805,-64.8639805,5000,1.069,0
-78.38936524,-78.38936524,1800,1.075,0
-45.02127134,-45.02127134,5000,1.008,1
-70.80543893,-70.80543893,1800,1.026,0
-62.82235694,-62.82235694,2400,0.997,0
-44.67639445,-44.67639445,2400,1.088,0
-58.7881002,-58.7881002,2400,0.984,0
-84.15509796,-84.15509796,3500,1.037,1
-43.00839382,-43.00839382,3500,0.878,0
-58.61459735,-58.61459735,2400,1.079,1
-73.25471927,-73.25471927,3500,1.002,0
-83.03639637,-83.03639637,1800,0.995,0
-50.29874054,-50.29874054,5000,1.033,0
-58.9963622,-58.9963622,5000,1.076,0
-63.3269454,-63.3269454,5000,1.078,1
-45.30537085,-45.30537085,2400,1.097,1
-50.57013944,-50.57013944,3500,1.058,0
-82.41625601,-82.41625601,1800,0.973,0
-74.41389661,-74.41389661,1800,1.082,1
-77.57554301,-77.57554301,2400,1.059,0
-52.80268537,-52.80268537,1800,1.012,0
-88.32337826,-88.32337826,1800,1.095,0
-61.50551576,-61.50551576,1800,1.009,1
-51.87706571,-51.87706571,1800,1.094,1
-46.16171816,-46.16171816,3500,0.993,1
-72.89591256,-72.89591256,1800,1.045,0
-48.93713477,-48.93713477,5000,1.08,0
-84.46841315,-84.46841315,2400,1.009,1
-47.67738541,-47.67738541,3500,0.911,1
-83.62556688,-83.62556688,1800,1.03,1
-70.13563547,-70.13563547,3500,1.094,1
-50.13523171,-50.13523171,1800,1.088,0
-82.50412863,-82.50412863,5000,1.091,1
-78.53743024,-78.53743024,2400,1.073,0
-53.88737158,-53.88737158,1800,1.092,1
-53.99817317,-53.99817317,1800,1.03,0
-57.94261836,-57.94261836,1800,0.98,1
-55.30257778,-55.30257778,1800,1.069,1
-62.86377783,-62.86377783,2400,1.033,1
-77.41004705,-77.41004705,2400,1.029,1
-72.71520032,-72.71520032,5000,0.845,0
-80.92011416,-80.92011416,2400,1.049,1
-44.57747193,-44.57747193,1800,1.012,0
-60.83041026,-60.83041026,5000,1.059,0
-69.95742916,-69.95742916,5000,1.067,0
-66.89970982,-66.89970982,5000,1.054,0
-42.63583302,-42.63583302,1800,0.994,1
-82.33242984,-82.33242984,3500,1.008,0
-60.6885084,-60.6885084,1800,0.95,0
-64.70556606,-64.70556606,2400,1.067,0
-59.42728823,-59.42728823,2400,1.078,1
-89.09449081,-89.09449081,1800,0.907,1
-46.39380455,-46.39380455,1800,1.028,1
-43.39408588,-43.39408588,5000,1.018,1
-61.74334082,-61.74334082,1800,1.085,0
-55.16745881,-55.16745881,5000,1.056,0
-43.87503094,-43.87503094,2400,1.068,1
-54.63806828,-54.63806828,5000,0.986,0
-82.37304785,-82.37304785,1800,1.081,0
-61.18558199,-61.18558199,2400,1.09,0
-59.66424768,-59.66424768,3500,1.075,1
-68.79346643,-68.79346643,5000,1.024,1
-53.17778822,-53.17778822,2400,1.052,0
-43.28164926,-43.28164926,5000,1.042,1
-43.72157435,-43.72157435,2400,1.001,1
-67.45803143,-67.45803143,2400,0.991,1
-84.33809771,-84.33809771,5000,1.067,1
-40.75794005,-40.75794005,3500,1.064,1
-48.05509568,-48.05509568,2400,1.091,0
-83.76686594,-83.76686594,2400,1.022,1
-43.95790587,-43.95790587,2400,0.938,0
-46.5051819,-46.5051819,3500,1.012,0
-64.05809714,-64.05809714,3500,1.0,1
-60.43622821,-60.43622821,1800,1.064,0
-70.04986481,-70.04986481,5000,0.978,0
-87.26191806,-87.26191806,3500,1.069,0
-73.24013792,-73.24013792,5000,1.079,1
-49.85732757,-49.85732757,1800,1.082,1
-89.76839885,-89.76839885,5000,0.965,0
-73.32504142,-73.32504142,3500,1.096,1
-70.09156532,-70.09156532,5000,1.083,1
-63.13021985,-63.13021985,3500,1.098,1
-44.00721918,-44.00721918,5000,1.095,1
-72.68270028,-72.68270028,3500,0.947,0
-72.65233991,-72.65233991,3500,0.915,0
-53.12493759,-53.12493759,5000,0.978,1
-67.38910296,-67.38910296,1800,0.971,1
-78.76975885,-78.76975885,2400,1.06,0
-67.37802419,-67.37802419,1800,0.931,0
-82.95714898,-82.95714898,5000,1.052,1
-81.18065067,-81.18065067,1800,1.044,0
-65.08161136,-65.08161136,3500,0.981,1
-69.05372752,-69.05372752,2400,0.979,1
-44.25770495,-44.25770495,5000,1.075,0
-71.88030504,-71.88030504,5000,1.064,0
-60.97058249,-60.97058249,5000,1.037,1
-58.3867856,-58.3867856,2400,1.058,1
-89.34527717,-89.34527717,3500,1.076,0
-56.8231314,-56.8231314,5000,0.95,1
-81.09820166,-81.09820166,1800,0.987,0
-41.94648413,-41.94648413,5000,1.006,1
-82.56686361,-82.56686361,5000,1.073,0
-69.26879381,-69.26879381,5000,1.076,0
-85.7325166,-85.7325166,5000,1.054,0
-40.15628741,-40.15628741,3500,1.067,1
-64.89024948,-64.89024948,1800,1.061,1
-60.23074913,-60.23074913,3500,0.962,0
-86.64617613,-86.64617613,1800,1.042,1
-52.50197648,-52.50197648,5000,1.07,0
-79.50472035,-79.50472035,2400,1.07,0
-45.09728553,-45.09728553,3500,1.078,1
-79.74301798,-79.74301798,2400,1.042,1
-80.46561397,-80.46561397,3500,0.976,0
-88.17251661,-88.17251661,5000,1.03,1
-66.39665274,-66.39665274,3500,1.008,1
-61.75794334,-61.75794334,5000,1.087,0
-86.71456803,-86.71456803,3500,1.006,0
-51.22361917,-51.22361917,5000,0.849,1
-67.33555826,-67.33555826,5000,1.075,0
-63.78048653,-63.78048653,1800,1.061,0
-67.96186265,-67.96186265,5000,1.081,1
-69.96184696,-69.96184696,1800,1.027,0
-62.01798343,-62.01798343,5000,0.983,0
-82.2379877,-82.2379877,2400,1.06,1
-80.90359348,-80.90359348,5000,1.08,1
-46.91071895,-46.91071895,2400,1.082,0
-42.69422689,-42.69422689,2400,1.035,0
-71.33453419,-71.33453419,5000,1.033,1
-76.46276634,-76.46276634,2400,1.072,1
-57.80002284,-57.80002284,1800,0.975,1
-69.56329145,-69.56329145,3500,1.085,1
-88.73068222,-88.73068222,5000,1.088,0
-82.19237013,-82.19237013,2400,1.057,1
-54.20138856,-54.20138856,5000,1.058,1
-57.0538029,-57.0538029,1800,1.022,0
-88.64520037,-88.64520037,5000,1.034,1
-78.9013919,-78.9013919,5000,1.089,0
-78.44626017,-78.44626017,2400,0.967,1
-56.40536282,-56.40536282,1800,0.972,1
-89.01447311,-89.01447311,3500,0.947,1
-84.7945709,-84.7945709,3500,1.078,0
-50.00419573,-50.00419573,2400,0.932,0
-81.0727669,-81.0727669,5000,1.085,1
-57.36269461,-57.36269461,2400,1.011,0
-78.09086095,-78.09086095,2400,0.998,0
-85.02793036,-85.02793036,2400,0.916,0
-77.84139045,-77.84139045,5000,0.98,0
-53.88665341,-53.88665341,1800,1.085,0
-47.21517659,-47.21517659,2400,1.012,0
-48.48900677,-48.48900677,5000,1.075,1
-70.14082352,-70.14082352,1800,1.05,1
-56.59574317,-56.59574317,2400,1.098,0
-79.75078523,-79.75078523,3500,1.05,1
-75.34261349,-75.34261349,1800,0.997,1
-45.18320907,-45.18320907,2400,0.854,1
-89.34990382,-89.34990382,1800,1.032,1
-85.72457346,-85.72457346,1800,1.029,0
-79.60568724,-79.60568724,1800,1.052,1
-88.67338981,-88.67338981,1800,0.991,1
-80.92822825,-80.92822825,1800,1.01,0
-60.84792195,-60.84792195,1800,1.098,0
-68.92877247,-68.92877247,2400,1.09,1
-45.36641445,-45.36641445,3500,1.094,1
-49.12782191,-49.12782191,5000,1.057,1
-72.90913242,-72.90913242,1800,0.935,1
-77.02882833,-77.02882833,5000,1.007,1
-71.01537959,-71.01537959,2400,1.005,1
-60.48525287,-60.48525287,1800,1.003,0
-76.59681796,-76.59681796,3500,1.075,1
-58.79255461,-58.79255461,5000,0.977,1
-69.52941739,-69.52941739,1800,0.983,0
-62.39764096,-62.39764096,2400,1.078,0
-68.19367354,-68.19367354,3500,1.071,0
-75.27671202,-75.27671202,5000,1.096,0
-42.57733465,-42.57733465,5000,0.892,1
-51.81971029,-51.81971029,1800,1.045,1
-82.99434121,-82.99434121,3500,1.022,1
-46.57660121,-46.57660121,3500,0.955,1
-65.62844009,-65.62844009,3500,0.938,1
-45.27238866,-45.27238866,3500,1.095,1
-50.0072372,-50.0072372,2400,0.978,0
-68.73932478,-68.73932478,3500,1.034,1
-88.87653458,-88.87653458,5000,1.068,0
-76.56613203,-76.56613203,5000,1.031,0
-62.91828927,-62.91828927,2400,0.978,1
-58.32608901,-58.32608901,5000,1.0,0
-77.10561573,-77.10561573,5000,1.09,1
-83.0321963,-83.0321963,3500,1.097,0
-48.25348816,-48.25348816,5000,1.081,1
-40.77989096,-40.77989096,2400,1.073,0
-63.71549088,-63.71549088,3500,1.036,1
-81.41603571,-81.41603571,1800,0.966,1
-76.38463367,-76.38463367,3500,1.094,1
-89.08046617,-89.08046617,2400,1.09,1
-44.28505967,-44.28505967,3500,1.07,1
-84.11244586,-84.11244586,3500,1.079,0
-61.17417622,-61.17417622,2400,0.962,0
-76.29723897,-76.29723897,3500,1.06,0
-62.29109987,-62.29109987,2400,1.085,1
-57.42898058,-57.42898058,2400,1.013,0
-48.51290981,-48.51290981,1800,1.061,1
-79.67893641,-79.67893641,5000,1.049,1
-89.45020857,-89.45020857,5000,1.043,0
-83.1557185,-83.1557185,3500,1.003,0
-44.99906791,-44.99906791,3500,1.031,1
-46.30549612,-46.30549612,1800,1.008,0
-60.12934489,-60.12934489,1800,0.978,1
-59.97415698,-59.97415698,1800,1.089,1
-56.74816627,-56.74816627,2400,1.084,1
-81.23143607,-81.23143607,1800,1.091,1
-44.2794027,-44.2794027,1800,1.057,1
-69.06147376,-69.06147376,3500,1.086,0
-70.84307359,-70.84307359,1800,1.088,0
-64.05411474,-64.05411474,2400,1.089,1
-87.65170166,-87.65170166,2400,1.026,1
-81.68583156,-81.68583156,3500,1.086,0
-53.09831918,-53.09831918,1800,1.089,0
-85.8600666,-85.8600666,1800,1.017,1
-59.84239453,-59.84239453,2400,1.01,0
-77.73254452,-77.73254452,1800,1.083,1
-70.5352193,-70.5352193,1800,1.036,0
-75.56531316,-75.56531316,1800,1.042,1
-72.21636418,-72.21636418,5000,1.045,0
-54.04770474,-54.04770474,3500,1.061,1
-75.14391422,-75.14391422,5000,0.951,0
-61.67976799,-61.67976799,3500,1.075,0
-66.19747989,-66.19747989,2400,1.016,1
-56.81644173,-56.81644173,1800,0.894,0
-43.15851303,-43.15851303,3500,1.095,1
-53.37139514,-53.37139514,5000,1.026,0
-79.25298107,-79.25298107,1800,1.075,1
-88.44084325,-88.44084325,2400,1.089,0
-76.88679779,-76.88679779,3500,1.081,1
-60.24610346,-60.24610346,3500,0.979,0
-87.42870933,-87.42870933,3500,1.072,1
-65.18168764,-65.18168764,1800,1.037,0
-60.15785755,-60.15785755,5000,1.078,1
-73.28780546,-73.28780546,5000,1.089,1
-51.45438981,-51.45438981,3500,1.078,1
-84.67008734,-84.67008734,2400,1.038,0
-86.24311091,-86.24311091,2400,1.003,1
-53.59056219,-53.59056219,5000,1.065,0
-65.22543419,-65.22543419,2400,1.085,1
-55.57988018,-55.57988018,5000,1.011,0
-68.25863307,-68.25863307,3500,0.952,1
-77.67989834,-77.67989834,5000,0.966,0
-49.04488412,-49.04488412,5000,1.091,0
-50.02920605,-50.02920605,3500,1.073,1
-55.26517646,-55.26517646,2400,1.048,0
-76.39274314,-76.39274314,5000,1.089,0
-60.48846666,-60.48846666,5000,1.067,1
-71.95130515,-71.95130515,3500,1.092,0
-85.42089633,-85.42089633,2400,1.062,0
-44.13432123,-44.13432123,5000,1.081,0
-83.15906845,-83.15906845,3500,0.994,1
-42.48813231,-42.48813231,5000,0.971,0
-67.69971135,-67.69971135,1800,1.077,1
-80.74335356,-80.74335356,3500,1.056,0
-62.90495263,-62.90495263,2400,1.088,0
-46.35270821,-46.35270821,2400,1.035,0
-53.38875568,-53.38875568,2400,0.777,1
-49.67194261,-49.67194261,2400,1.021,0
-57.06083166,-57.06083166,5000,1.021,0
-55.38617177,-55.38617177,5000,1.094,1
-47.54021742,-47.54021742,2400,1.008,0
-77.51659956,-77.51659956,2400,1.09,1
-65.52875182,-65.52875182,2400,0.956,1
-78.93952791,-78.93952791,5000,1.058,0
-40.6165996,-40.6165996,2400,0.968,1
-42.79703302,-42.79703302,2400,0.962,0
-88.02865943,-88.02865943,1800,1.088,1
-54.72124137,-54.72124137,1800,1.088,1
-43.73758413,-43.73758413,2400,1.062,0
-80.97123274,-80.97123274,3500,0.959,1
-61.60273847,-61.60273847,2400,1.06,1
-44.22558512,-44.22558512,1800,0.973,1
-88.30270107,-88.30270107,3500,0.94,1
-55.12898664,-55.12898664,3500,1.037,1
-75.13254963,-75.13254963,2400,1.044,0
-43.78019023,-43.78019023,1800,1.017,1
-41.44708774,-41.44708774,1800,1.028,0
-42.78667554,-42.78667554,3500,1.016,1
-66.28928917,-66.28928917,2400,1.07,0
-46.89786745,-46.89786745,5000,1.019,0
-47.77253007,-47.77253007,5000,1.095,1
-74.04497634,-74.04497634,1800,0.926,1
-48.55422629,-48.55422629,5000,0.994,1
-88.14961826,-88.14961826,1800,1.052,0
-60.18650608,-60.18650608,1800,1.026,1
-78.49955814,-78.49955814,1800,1.096,0
-83.97165571,-83.97165571,5000,1.036,0
-86.15233992,-86.15233992,1800,1.053,0
-55.18556121,-55.18556121,3500,1.007,1
-73.00625181,-73.00625181,2400,1.055,1
-53.76166142,-53.76166142,2400,1.04,0
-86.73218296,-86.73218296,1800,0.993,0
-74.23548311,-74.23548311,2400,0.905,1
-63.02543538,-63.02543538,5000,1.022,0
-50.46384176,-50.46384176,5000,1.088,1
-74.06237485,-74.06237485,2400,0.971,0
-58.70543118,-58.70543118,5000,1.072,1
-45.70111259,-45.70111259,2400,0.976,0
-59.20684059,-59.20684059,2400,1.018,1
-78.35202626,-78.35202626,2400,1.091,0
-88.77996092,-88.77996092,1800,1.089,1
-46.4950563,-46.4950563,2400,1.072,1
-88.93652946,-88.93652946,1800,0.983,0
-46.26491637,-46.26491637,2400,1.056,0
-63.5531433,-63.5531433,2400,1.083,1
-43.04661507,-43.04661507,2400,1.02,0
-50.06083821,-50.06083821,5000,1.078,1
-40.10329447,-40.10329447,1800,1.024,0
-72.46440923,-72.46440923,1800,1.082,1
-51.64058555,-51.64058555,2400,1.07,1
-69.90345432,-69.90345432,2400,1.073,1
-66.00621898,-66.00621898,5000,0.864,1
-58.62472684,-58.62472684,5000,1.06,1
-46.31614429,-46.31614429,5000,1.06,1
-40.79582654,-40.79582654,1800,1.055,0
-51.58632931,-51.58632931,1800,0.848,0
-69.11166089,-69.11166089,1800,1.006,0
-68.93214989,-68.93214989,2400,1.083,1
-53.12088492,-53.12088492,1800,1.05,1
-78.06114271,-78.06114271,3500,1.061,1
-84.47629434,-84.47629434,3500,1.045,1
-72.26889212,-72.26889212,5000,1.007,0
-75.63805042,-75.63805042,1800,1.098,0
-75.18459398,-75.18459398,3500,1.091,1
-78.31961245,-78.31961245,5000,1.085,0
-87.89534052,-87.89534052,1800,1.023,0
-89.10630326,-89.10630326,2400,1.073,1
-40.61388051,-40.61388051,3500,1.031,0
-68.61134331,-68.61134331,2400,1.075,1
-70.78366764,-70.78366764,1800,0.998,0
-56.01763587,-56.01763587,3500,1.063,1
-79.08730561,-79.08730561,1800,1.056,1
-42.5019408,-42.5019408,2400,1.094,1
-50.68274928,-50.68274928,3500,0.986,1
-85.52944988,-85.52944988,2400,1.048,0
-69.12096121,-69.12096121,1800,1.072,1
-46.04408462,-46.04408462,1800,1.078,1
-42.76339889,-42.76339889,2400,1.086,1
-66.62992444,-66.62992444,3500,1.05,0
-59.32943054,-59.32943054,2400,1.038,1
-81.6483027,-81.6483027,1800,1.013,0
-40.44156869,-40.44156869,2400,1.01,1
-78.41641493,-78.41641493,1800,1.037,0
-42.86341129,-42.86341129,2400,1.086,0
-57.51766755,-57.51766755,3500,0.989,1
-59.61316026,-59.61316026,3500,1.098,0
-64.36557445,-64.36557445,2400,1.083,1
-78.46650941,-78.46650941,2400,1.058,1
-81.1735984,-81.1735984,3500,1.096,1
-78.97568955,-78.97568955,1800,1.031,0
-80.67808689,-80.67808689,3500,1.072,0
-51.02077632,-51.02077632,1800,1.094,1
-72.49373704,-72.49373704,2400,1.02,1
-87.10786617,-87.10786617,2400,1.017,0
-41.54486849,-41.54486849,1800,0.979,1
-45.81070575,-45.81070575,2400,1.017,1
-43.61238584,-43.61238584,1800,1.096,1
-40.25460887,-40.25460887,5000,0.919,0
-81.30523754,-81.30523754,3500,1.016,0
-70.18789905,-70.18789905,5000,0.958,0
-52.08807621,-52.08807621,1800,1.093,1
-55.1989691,-55.1989691,3500,1.093,1
-82.30520468,-82.30520468,1800,0.939,1
-49.20834375,-49.20834375,3500,1.064,0
-78.77797141,-78.77797141,3500,1.076,1
-78.80911926,-78.80911926,3500,1.084,1
-63.15127886,-63.15127886,3500,0.998,1
-60.35300326,-60.35300326,1800,1.094,1
-60.99568961,-60.99568961,3500,1.06,0
-85.42565813,-85.42565813,3500,1.071,0
-46.12695687,-46.12695687,5000,1.041,1
-76.71999787,-76.71999787,2400,1.053,0
-83.52425394,-83.52425394,2400,1.0,0
-45.56259601,-45.56259601,5000,1.096,1
-42.21742509,-42.21742509,5000,1.029,1
-46.89361914,-46.89361914,1800,1.065,0
-49.52419626,-49.52419626,1800,1.094,1
-57.23790097,-57.23790097,1800,1.016,0
-62.45713147,-62.45713147,5000,1.036,1
-85.650662,-85.650662,5000,1.017,0
-69.57733935,-69.57733935,3500,1.084,1
-71.36557415,-71.36557415,1800,1.088,0
-77.01231081,-77.01231081,1800,1.089,0
-53.82899432,-53.82899432,1800,1.012,0
-65.20621325,-65.20621325,2400,1.023,1
-85.9476892,-85.9476892,3500,0.944,0
-78.9908399,-78.9908399,1800,1.003,0
-55.83706182,-55.83706182,1800,0.959,1
-86.19345703,-86.19345703,1800,1.076,1
-47.4396543,-47.4396543,2400,1.046,0
-65.24267365,-65.24267365,2400,0.971,0
-65.97067113,-65.97067113,5000,1.044,1
-60.37961077,-60.37961077,3500,1.035,1
-48.7659517,-48.7659517,5000,0.999,1
-72.6095396,-72.6095396,3500,0.962,1
-56.09919237,-56.09919237,2400,1.08,1
-61.7134018,-61.7134018,1800,1.034,0
-76.64858649,-76.64858649,5000,0.973,1
-46.06850068,-46.06850068,1800,1.022,0
-50.12869892,-50.12869892,5000,1.076,0
-57.07740827,-57.07740827,2400,1.083,0
-47.47091355,-47.47091355,2400,1.075,1
-46.63528995,-46.63528995,2400,0.991,0
-54.58185116,-54.58185116,5000,0.945,0
-48.14933358,-48.14933358,3500,1.074,1
-55.12642692,-55.12642692,5000,1.066,0
-55.99296141,-55.99296141,3500,0.912,0
-59.06943109,-59.06943109,5000,0.962,1
-52.36416802,-52.36416802,5000,1.072,0
-82.06974474,-82.06974474,2400,1.06,0
-45.95646204,-45.95646204,1800,1.083,0
-46.40782361,-46.40782361,1800,1.036,1
-88.53763585,-88.53763585,3500,1.092,1
-48.70916247,-48.70916247,1800,1.098,1
-83.55650663,-83.55650663,5000,1.082,0
-73.24405729,-73.24405729,5000,1.025,0
-52.82458719,-52.82458719,2400,0.96,1
-81.9620052,-81.9620052,2400,1.089,0
-49.10164879,-49.10164879,1800,1.067,0
-48.3932911,-48.3932911,3500,0.929,1
-64.62661331,-64.62661331,1800,1.018,1
-89.68070641,-89.68070641,1800,0.964,0
-75.64809334,-75.64809334,1800,1.073,0
-59.15365408,-59.15365408,1800,1.061,0
-40.9406911,-40.9406911,5000,0.952,1
-58.40932365,-58.40932365,3500,1.099,1
-77.00982095,-77.00982095,5000,1.092,1
-58.29971485,-58.29971485,3500,1.071,1
-63.00073101,-63.00073101,2400,1.018,0
-51.00773024,-51.00773024,1800,1.043,1
-84.65096806,-84.65096806,5000,0.939,1
-51.94860487,-51.94860487,3500,1.002,1
-62.93667107,-62.93667107,2400,1.089,1
-41.85039981,-41.85039981,2400,1.037,1
-72.9063917,-72.9063917,1800,0.974,0
-58.36890534,-58.36890534,3500,0.934,0
-43.39859472,-43.39859472,5000,1.092,1
-84.8745136,-84.8745136,1800,1.069,0
-43.13857564,-43.13857564,5000,0.993,1
-55.60571388,-55.60571388,2400,0.916,1
-86.60814704,-86.60814704,5000,1.011,0
-74.95182165,-74.95182165,5000,1.018,0
-54.59139557,-54.59139557,1800,0.916,1
-86.63246993,-86.63246993,5000,1.069,1
-60.89147699,-60.89147699,1800,1.088,1
-72.70584715,-72.70584715,2400,0.943,0
-58.95422411,-58.95422411,1800,1.077,1
-87.71289831,-87.71289831,1800,1.041,1
-46.42315969,-46.42315969,3500,0.95,1
-41.32555154,-41.32555154,5000,1.078,0
-41.55610724,-41.55610724,2400,1.076,1
-52.51740841,-52.51740841,1800,0.997,1
-83.49568799,-83.49568799,2400,1.034,0
-52.0868402,-52.0868402,3500,1.07,1
-88.77065418,-88.77065418,5000,0.964,1
-88.89382242,-88.89382242,1800,1.023,0
-73.81948904,-73.81948904,5000,0.948,1
-65.56784048,-65.56784048,3500,1.068,0
-51.47962911,-51.47962911,3500,1.072,0
-55.83523117,-55.83523117,2400,1.004,1
-67.70486468,-67.70486468,1800,1.095,1
-76.31866669,-76.31866669,2400,0.928,1
-40.14377499,-40.14377499,3500,1.043,1
-68.69093489,-68.69093489,5000,0.95,0
-67.43064878,-67.43064878,2400,1.088,1
-81.81880894,-81.81880894,2400,1.054,0
-50.25952256,-50.25952256,5000,1.078,1
-55.31588871,-55.31588871,2400,0.914,1
-78.96151936,-78.96151936,5000,1.098,1
-85.88094772,-85.88094772,1800,1.081,0
-55.9750349,-55.9750349,5000,0.957,1
-57.27443929,-57.27443929,1800,1.069,1
-76.33702365,-76.33702365,5000,0.903,1
-42.45682189,-42.45682189,3500,1.038,1
-82.44710541,-82.44710541,3500,0.966,0
-68.38325995,-68.38325995,1800,1.02,1
-42.81920399,-42.81920399,1800,1.074,0
-69.01363415,-69.01363415,3500,1.087,0
-58.07370262,-58.07370262,1800,0.895,0
-70.1202801,-70.1202801,5000,0.85,0
-76.28923988,-76.28923988,5000,0.952,0
-40.8011176,-40.8011176,3500,1.008,0
-69.53329968,-69.53329968,2400,1.052,1
-45.29503982,-45.29503982,5000,0.965,0
-78.50226971,-78.50226971,1800,0.954,0
-79.3447648,-79.3447648,2400,0.989,0
-88.44329586,-88.44329586,2400,1.075,1
-57.41665873,-57.41665873,5000,1.022,1
-71.57368281,-71.57368281,5000,1.008,0
-46.78208751,-46.78208751,2400,1.076,1
-66.33950467,-66.33950467,2400,1.074,0
-41.5903286,-41.5903286,3500,1.06,0
-80.72372421,-80.72372421,1800,1.008,1
-46.5688416,-46.5688416,3500,1.063,0
-51.17015736,-51.17015736,5000,0.966,1
-51.45390777,-51.45390777,3500,0.935,1
-47.76083859,-47.76083859,3500,0.864,0
-51.94880045,-51.94880045,3500,0.961,0
-58.68898392,-58.68898392,3500,0.943,1
-83.43775612,-83.43775612,1800,1.048,0
-88.37369103,-88.37369103,1800,1.024,0
-43.95760761,-43.95760761,2400,1.065,0
-59.16748427,-59.16748427,5000,1.093,1
-50.17313545,-50.17313545,3500,1.044,1
-65.92388242,-65.92388242,2400,1.075,0
-84.13459055,-84.13459055,2400,1.056,1
-83.74071039,-83.74071039,2400,1.079,1
-55.72173564,-55.72173564,1800,1.038,1
-68.48470526,-68.48470526,3500,0.999,1
-79.97376366,-79.97376366,3500,0.997,1
-65.42027266,-65.42027266,5000,1.059,0
-86.78955315,-86.78955315,3500,1.085,0
-60.9014299,-60.9014299,3500,0.955,0
-76.55032978,-76.55032978,2400,1.035,1
-50.12204497,-50.12204497,5000,0.926,1
-74.48190205,-74.48190205,3500,1.093,0
-67.23899255,-67.23899255,1800,1.086,1
-89.418973,-89.418973,3500,1.047,0
-86.37765561,-86.37765561,2400,1.036,0
-70.37532218,-70.37532218,1800,1.085,0
-66.00305826,-66.00305826,2400,1.053,1
-59.99897259,-59.99897259,3500,1.037,1
-75.41687106,-75.41687106,1800,1.019,0
-55.25090569,-55.25090569,5000,0.938,0
-46.99388014,-46.99388014,5000,1.032,0
-51.00745056,-51.00745056,1800,1.032,0
-88.01905873,-88.01905873,1800,1.083,1
-65.97465264,-65.97465264,2400,1.081,1
-84.75349108,-84.75349108,1800,1.07,0
-77.89774921,-77.89774921,2400,0.822,0
-40.66687034,-40.66687034,3500,1.053,1
-82.87522285,-82.87522285,2400,1.064,1
-65.05559233,-65.05559233,1800,0.985,0
-59.09221328,-59.09221328,1800,1.012,0
-54.87675147,-54.87675147,3500,1.009,0
-62.01756583,-62.01756583,1800,0.924,1
-89.51145763,-89.51145763,1800,1.052,1
-73.67693459,-73.67693459,5000,1.073,1
-64.11441783,-64.11441783,5000,1.066,0
-85.60667504,-85.60667504,3500,1.085,0
-72.46865344,-72.46865344,2400,1.017,1
-88.33984456,-88.33984456,5000,0.982,1
-86.07107514,-86.07107514,2400,1.042,0
-70.15383619,-70.15383619,1800,0.988,1
-83.3642123,-83.3642123,5000,0.953,1
-61.62295759,-61.62295759,3500,1.004,0
-55.52675154,-55.52675154,3500,1.043,1
-49.97066504,-49.97066504,3500,1.025,0
-79.99248779,-79.99248779,5000,1.077,0
-81.62587089,-81.62587089,2400,1.009,0
-84.77160798,-84.77160798,1800,1.002,0
-58.17848752,-58.17848752,2400,0.915,0
-54.67621368,-54.67621368,2400,1.051,0
-88.42069276,-88.42069276,1800,0.992,0
-43.18938769,-43.18938769,1800,0.96,1
-87.40143582,-87.40143582,5000,1.097,0
-62.93518323,-62.93518323,5000,1.004,0
-54.54697403,-54.54697403,5000,1.049,1
-46.45154381,-46.45154381,5000,1.078,1
-54.29565339,-54.29565339,5000,0.993,1
-49.91359585,-49.91359585,1800,0.982,0
-73.02749037,-73.02749037,2400,1.024,1
-49.25874431,-49.25874431,5000,0.966,0
-85.99425768,-85.99425768,5000,1.021,0
-45.2591672,-45.2591672,2400,1.08,0
-62.62038119,-62.62038119,5000,0.952,0
-49.1351115,-49.1351115,2400,1.047,1
-67.38408577,-67.38408577,2400,1.054,1
-57.82111524,-57.82111524,1800,1.087,0
-63.67986695,-63.67986695,3500,1.056,0
-53.42052391,-53.42052391,1800,0.94,0
-85.9185009,-85.9185009,3500,0.933,1
-86.9823958,-86.9823958,3500,1.076,0
-77.6448383,-77.6448383,3500,1.023,0
-82.02276599,-82.02276599,5000,1.092,1
-46.41082167,-46.41082167,1800,1.074,1
-79.03930063,-79.03930063,3500,1.089,0
-41.20673721,-41.20673721,2400,1.068,1
-73.15521041,-73.15521041,5000,0.926,1
-80.89410422,-80.89410422,1800,1.089,0
-50.51507464,-50.51507464,3500,1.032,1
-57.06461122,-57.06461122,2400,1.051,0
-65.09021418,-65.09021418,1800,1.004,1
-62.23182245,-62.23182245,1800,1.072,0
-54.03991109,-54.03991109,5000,1.097,0
-78.57726293,-78.57726293,1800,1.003,0
-40.1833042,-40.1833042,5000,1.079,1
-41.26034189,-41.26034189,3500,1.094,0
-57.48371568,-57.48371568,5000,0.95,1
-80.02287745,-80.02287745,2400,1.054,0
-55.98858788,-55.98858788,5000,1.02,0
-86.39007955,-86.39007955,2400,0.95,1
-88.46737489,-88.46737489,5000,1.063,0
-77.11585557,-77.11585557,1800,1.058,0
-66.86885216,-66.86885216,3500,0.944,1
-46.58637473,-46.58637473,2400,1.052,0
-53.64154651,-53.64154651,5000,0.936,0
-52.86467394,-52.86467394,5000,1.031,0
-68.72533328,-68.72533328,5000,1.079,0
-72.70325037,-72.70325037,1800,1.096,1
-71.44806185,-71.44806185,1800,1.041,1
-40.61752181,-40.61752181,2400,1.094,0
-87.99454043,-87.99454043,2400,1.044,1
-46.64842519,-46.64842519,1800,1.065,0
-61.06622957,-61.06622957,2400,1.069,1
-68.06922904,-68.06922904,3500,1.036,0
-53.73711698,-53.73711698,3500,1.05,0
-65.66655293,-65.66655293,1800,1.013,0
-46.3288381,-46.3288381,2400,1.023,0
-44.9649068,-44.9649068,5000,1.08,0
-68.91395366,-68.91395366,3500,0.948,0
-76.15861014,-76.15861014,1800,0.938,1
-60.38248357,-60.38248357,2400,1.012,0
-44.38183272,-44.38183272,1800,1.093,1
-79.46689055,-79.46689055,5000,1.057,0
-58.85167082,-58.85167082,3500,0.946,1
-58.421989,-58.421989,1800,1.072,1
-53.34434888,-53.34434888,1800,1.057,1
-83.42161574,-83.42161574,1800,1.084,0
-54.20875177,-54.20875177,5000,1.093,0
-44.54837397,-44.54837397,1800,1.021,1
-81.01584456,-81.01584456,5000,1.07,0
-78.12283375,-78.12283375,5000,0.971,1
-41.4302453,-41.4302453,5000,1.052,0
-80.95115236,-80.95115236,3500,0.931,1
-47.28074533,-47.28074533,3500,0.959,1
-65.38610718,-65.38610718,1800,1.037,0
-77.63844628,-77.63844628,1800,0.955,1
-46.46250494,-46.46250494,3500,1.09,0
-67.73473725,-67.73473725,2400,1.051,1
-64.2591323,-64.2591323,3500,1.028,1
-72.03833153,-72.03833153,5000,1.088,0
-60.35245743,-60.35245743,3500,0.994,0
-81.82380637,-81.82380637,5000,1.074,0
-70.44592317,-70.44592317,1800,1.082,1
-41.52938388,-41.52938388,2400,1.018,0
-77.09332836,-77.09332836,1800,1.082,1
-57.16316677,-57.16316677,5000,0.886,1
-73.74049679,-73.74049679,5000,1.098,0
-51.32634372,-51.32634372,5000,1.053,0
-83.45631696,-83.45631696,2400,1.086,1
-41.50894775,-41.50894775,3500,0.958,1
-67.31052293,-67.31052293,1800,1.075,0
-78.19747683,-78.19747683,1800,1.055,0
-86.32516263,-86.32516263,3500,0.992,0
-81.51210475,-81.51210475,1800,1.096,0
-64.01130257,-64.01130257,2400,1.064,0
-73.14984118,-73.14984118,1800,1.025,1
-48.55583171,-48.55583171,5000,0.974,1
-68.45562382,-68.45562382,3500,1.028,1
-77.56428637,-77.56428637,2400,1.03,1
-59.14275067,-59.14275067,3500,1.033,0
-54.66113916,-54.66113916,2400,0.947,0
-81.6479046,-81.6479046,5000,0.995,0
-81.61903919,-81.61903919,3500,1.075,1
-88.16642865,-88.16642865,1800,0.839,1
-53.17989925,-53.17989925,2400,1.09,0
-56.80977362,-56.80977362,3500,1.082,0
-66.26845621,-66.26845621,1800,1.013,1
-47.79147755,-47.79147755,3500,1.075,1
-49.71649235,-49.71649235,3500,1.094,0
-60.73228178,-60.73228178,3500,1.068,0
-46.58643597,-46.58643597,2400,1.082,1
-79.7079395,-79.7079395,1800,0.914,0
-84.40401903,-84.40401903,5000,0.979,0
-76.51251942,-76.51251942,2400,0.958,0
-87.1456572,-87.1456572,2400,1.006,1
-63.4415236,-63.4415236,2400,0.954,1
-43.16971539,-43.16971539,5000,1.067,1
-88.03282297,-88.03282297,1800,1.068,1
-83.8945043,-83.8945043,1800,1.05,1
-67.39004859,-67.39004859,1800,1.083,1
-43.30624912,-43.30624912,3500,1.045,1
-74.19219475,-74.19219475,3500,1.045,0
-64.63825957,-64.63825957,3500,1.08,0
-87.92135705,-87.92135705,5000,1.093,0
-82.58283995,-82.58283995,3500,0.988,0
-40.66849385,-40.66849385,5000,0.927,0
-41.74406518,-41.74406518,1800,0.908,0
-89.75300095,-89.75300095,3500,1.084,0
-42.40941073,-42.40941073,3500,1.023,1
-58.04400311,-58.04400311,2400,1.098,1
-46.60408527,-46.60408527,5000,0.979,0
-67.26300722,-67.26300722,1800,1.067,0
-64.22019857,-64.22019857,2400,1.043,1
-65.55767099,-65.55767099,2400,0.968,0
-56.65678712,-56.65678712,1800,1.073,0
-83.01743726,-83.01743726,2400,1.071,1
-88.50132051,-88.50132051,5000,1.059,0
-74.60350292,-74.60350292,5000,1.07,1
-54.76596186,-54.76596186,3500,1.046,0
-79.90732739,-79.90732739,2400,1.008,1
-56.32837833,-56.32837833,3500,0.963,1
-41.50439769,-41.50439769,2400,1.047,1
-85.30496421,-85.30496421,5000,1.073,0
-56.36989409,-56.36989409,5000,0.962,1
-67.81248903,-67.81248903,5000,1.073,0
-46.59288728,-46.59288728,2400,0.993,0
-81.14251053,-81.14251053,5000,0.834,0
-55.36870239,-55.36870239,2400,1.095,0
-48.09423552,-48.09423552,3500,1.092,1
-42.76928903,-42.76928903,2400,1.014,1
-55.83759859,-55.83759859,3500,1.027,0
-65.1412618,-65.1412618,2400,0.947,0
-59.10763799,-59.10763799,3500,0.968,1
-46.55475078,-46.55475078,5000,1.064,0
-61.46951267,-61.46951267,3500,1.031,1
-88.48064702,-88.48064702,5000,1.023,0
-43.45256522,-43.45256522,5000,1.096,0
-55.52366245,-55.52366245,3500,1.06,1
-56.17433071,-56.17433071,2400,1.075,0
-79.21624238,-79.21624238,2400,1.067,1
-57.05572649,-57.05572649,1800,0.962,0
-70.30677972,-70.30677972,2400,1.059,0
-57.43835115,-57.43835115,1800,1.086,0
-84.67034848,-84.67034848,2400,1.041,1
-57.10773477,-57.10773477,2400,1.085,0
-40.02931371,-40.02931371,5000,0.94,0
-87.58939806,-87.58939806,1800,1.039,0
-41.14129079,-41.14129079,2400,1.046,0
-69.65460196,-69.65460196,1800,0.98,1
-46.46232748,-46.46232748,5000,1.084,1
-50.8807258,-50.8807258,5000,1.097,0
-61.64918695,-61.64918695,1800,1.049,1
-53.07753954,-53.07753954,5000,1.011,0
-46.07422193,-46.07422193,3500,1.057,0
-69.79298392,-69.79298392,3500,1.099,0
-73.64834192,-73.64834192,5000,1.092,1
-56.62033072,-56.62033072,3500,0.938,1
-49.6077029,-49.6077029,2400,0.993,1
-51.88574326,-51.88574326,1800,0.979,1
-50.10931756,-50.10931756,2400,0.865,1
-68.22083426,-68.22083426,1800,0.933,1
-49.10828919,-49.10828919,5000,1.068,1
-83.98954723,-83.98954723,2400,1.014,1
-62.7755451,-62.7755451,5000,1.05,1
-89.71206698,-89.71206698,5000,1.033,0
-73.7707085,-73.7707085,1800,1.088,1
-71.67692326,-71.67692326,1800,0.993,1
-70.19136542,-70.19136542,1800,0.915,1
-55.22663967,-55.22663967,2400,1.095,1
-70.57209494,-70.57209494,3500,1.07,1
-67.56531887,-67.56531887,1800,1.098,1
-78.12279346,-78.12279346,1800,0.9,1
-71.33741042,-71.33741042,2400,1.04,1
-78.63651864,-78.63651864,1800,1.073,1
-86.34020381,-86.34020381,2400,0.997,1
-59.82757033,-59.82757033,5000,1.01,1
-56.58936007,-56.58936007,1800,1.072,0
-59.0254827,-59.0254827,1800,1.073,0
-66.82529781,-66.82529781,5000,1.096,1
-71.01071099,-71.01071099,5000,1.057,1
-46.83331752,-46.83331752,5000,1.015,0
